--password q1w2e3
INSERT INTO users (username, password, enabled) VALUES ('oleg@mail.ru', '$2a$04$aJ2Bbv.FhwLgAu5Q1JXtfuJgRwCznGmiyFJGEDb5KIVlT453uR2eG', 'true');
INSERT INTO authorities(username, authority) VALUES ('oleg@mail.ru', 'ROLE_ADMIN');
INSERT INTO message (id, title, text) VALUES (1, N'Превышено значение разницы расхода', N'Необходимо устранить неисправность');
INSERT INTO message (id, title, text) VALUES (2, N'Значение температуры выходит за пределы допустимых значений', N'Необходимо устранить неисправность');
INSERT INTO message (id, title, text) VALUES (3, N'Давление вышло за пределы допустимых значений', N'Необходимо устранить неисправность');
INSERT INTO message (id, title, text) VALUES (4, N'Превышено значение разности температур', N'Необходимо устранить неисправность');
INSERT INTO limit (id, min_value, max_value, message_id) VALUES (1, 60, 75, 2);
INSERT INTO limit (id, min_value, max_value, message_id) VALUES (2, 0.3, 0.6, 3);
INSERT INTO unit (name, id) VALUES (N'C', 1);
INSERT INTO unit (name, id) VALUES (N'м3', 3);
INSERT INTO unit (name, id) VALUES (N'МПа', 2);
INSERT INTO location (id, name) VALUES (5, N'Ввод холодной воды');
INSERT INTO location (id, name) VALUES (3, N'Горячая вода (Потребитель #1)');
INSERT INTO location (id, name) VALUES (4, N'Горячая вода (Потребитель #2)');
INSERT INTO location (id, name) VALUES (6, N'Давление на выводе горячей воды');
INSERT INTO location (id, name) VALUES (1, N'Отопление (Потребитель #1)');
INSERT INTO location (id, name) VALUES (2, N'Отопление (Потребитель #2)');
INSERT INTO sensor_type (name, id) VALUES (N'ОВЕН ДТС214‑РТ100.A3.50/0.2', 1);
INSERT INTO sensor_type (name, id) VALUES (N'ОВЕН ПД100-ДИ1.0-171 -1,0', 2);
INSERT INTO sensor_type (name, id) VALUES (N'ОВЕН ДТС125М', 3);
INSERT INTO sensor_type (name, id) VALUES (N'Advantech ADAM-4080', 4);
INSERT INTO sensor (name, sensor_type_id, description, id, location_id, sublocation) VALUES (N'Счетчик импульсов #001', 4, N'Счетчик импульсов на первом вводе отопления', 1, 1, 1);
INSERT INTO sensor (name, sensor_type_id, description, id, location_id, sublocation) VALUES (N'Термометр #001', 1, 'Термометр на первом вводе отопления', 2, 1, 1);
INSERT INTO sensor (name, sensor_type_id, description, id, location_id, sublocation) VALUES (N'Счетчик импульсов #002', 4, N'Счетчик импульсов на первом выводе отопления', 3, 1, 2);
INSERT INTO sensor (name, sensor_type_id, description, id, location_id, sublocation) VALUES (N'Термометр #002', 1, 'Термометр на первом выводе отопления', 4, 1, 2);
INSERT INTO sensor (name, sensor_type_id, description, id, location_id, sublocation) VALUES (N'Счетчик импульсов #003', 4, N'Счетчик импульсов на втором вводе отопления', 5, 2, 3);
INSERT INTO sensor (name, sensor_type_id, description, id, location_id, sublocation) VALUES (N'Термометр #003', 1, 'Термометр на втором вводе отопления', 6, 2, 3);
INSERT INTO sensor (name, sensor_type_id, description, id, location_id, sublocation) VALUES (N'Счетчик импульсов #004', 4, N'Счетчик импульсов на втором выводе отопления', 7, 2, 4);
INSERT INTO sensor (name, sensor_type_id, description, id, location_id, sublocation) VALUES (N'Термометр #004', 1, 'Термометр на втором выводе отопления', 8, 2, 4);
INSERT INTO sensor (name, sensor_type_id, description, id, location_id, sublocation) VALUES (N'Счетчик импульсов #005', 4, N'Счетчик импульсов на вводе горячей воды', 9, 3, 5);
INSERT INTO sensor (name, sensor_type_id, description, id, location_id, sublocation) VALUES (N'Термометр #005', 1, 'Термометр на втором вводе горячей воды', 10, 3, 5);
INSERT INTO sensor (name, sensor_type_id, description, id, location_id, sublocation) VALUES (N'Счетчик импульсов #006', 4, N'Счетчик импульсов на первом выводе горячей воды', 11, 3, 6);
INSERT INTO sensor (name, sensor_type_id, description, id, location_id, sublocation) VALUES (N'Термометр #006', 1, 'Термометр на первом выводе горячей воды', 12, 3, 6);
INSERT INTO sensor (name, sensor_type_id, description, id, location_id, sublocation) VALUES (N'Счетчик импульсов #007', 4, N'Счетчик импульсов на втором вводе горячей воды', 13, 4, 7);
INSERT INTO sensor (name, sensor_type_id, description, id, location_id, sublocation) VALUES (N'Термометр #007', 1, 'Термометр на втором вводе горячей воды', 14, 4, 7);
INSERT INTO sensor (name, sensor_type_id, description, id, location_id, sublocation) VALUES (N'Счетчик импульсов #008', 4, N'Счетчик импульсов на втором выводе горячей воды', 15, 4, 8);
INSERT INTO sensor (name, sensor_type_id, description, id, location_id, sublocation) VALUES (N'Термометр #008', 1, 'Термометр на  втором выводе горячей воды', 16, 4, 8);
INSERT INTO sensor (name, sensor_type_id, description, id, location_id, sublocation) VALUES (N'Счетчик импульсов #009', 4, N'Счетчик импульсов на вводе холодной воды', 17, 5, 9);
INSERT INTO sensor (name, sensor_type_id, description, id, location_id, sublocation) VALUES (N'Датчик давления #001', 2, N'Датчик после насоса на выводе горячей воды Потребителю 2', 18, 6, 1);
INSERT INTO sensor (name, sensor_type_id, description, id, location_id, sublocation) VALUES (N'Термометр #009', 3, N'Измеряет температуру наружного воздуха', 19, null, null);
INSERT INTO parameter (name, unit_id, id, limit_id) VALUES (N'Температура воды', 1, 1, 1);
INSERT INTO parameter (name, unit_id, id, limit_id) VALUES (N'Давление', 2, 2, 2);
INSERT INTO parameter (name, unit_id, id, limit_id) VALUES (N'Расход', 3, 3, null);
INSERT INTO parameter (name, unit_id, id, limit_id) VALUES (N'Температура воздуха', 1, 4, null);
INSERT INTO value (time, value, sensor_id, parameter_id) VALUES ( '2018-06-03 12:08:08.7756889', 0.4, 18, 2);
INSERT INTO value (time, value, sensor_id, parameter_id) VALUES ( '2018-06-03 12:46:16.6198592', 5, 17, 3);
INSERT INTO value (time, value, sensor_id, parameter_id) VALUES ( '2018-06-03 13:02:34.3400836', 6, 17, 3);
INSERT INTO value (time, value, sensor_id, parameter_id) VALUES ( '2018-06-03 13:17:03.7349530', 5, 1, 3);
INSERT INTO value (time, value, sensor_id, parameter_id) VALUES ( '2018-06-03 13:17:03.7799993', 65, 2, 1);
INSERT INTO value (time, value, sensor_id, parameter_id) VALUES ( '2018-06-03 13:17:03.8129600', 4, 3, 3);
INSERT INTO value (time, value, sensor_id, parameter_id) VALUES ( '2018-06-03 13:17:03.8498361', 62, 4, 1);
INSERT INTO value (time, value, sensor_id, parameter_id) VALUES ( '2018-06-03 13:19:27.9518697', 5, 5, 3);
INSERT INTO value (time, value, sensor_id, parameter_id) VALUES ( '2018-06-03 13:19:28.0132342', 65, 6, 1);
INSERT INTO value (time, value, sensor_id, parameter_id) VALUES ( '2018-06-03 13:19:28.0542454', 4, 7, 3);
INSERT INTO value (time, value, sensor_id, parameter_id) VALUES ( '2018-06-03 13:19:28.1237772', 62, 8, 1);
INSERT INTO value (time, value, sensor_id, parameter_id) VALUES ( '2018-06-03 13:19:28.1565391', 5, 9, 3);
INSERT INTO value (time, value, sensor_id, parameter_id) VALUES ( '2018-06-03 13:19:28.1893156', 65, 10, 1);
INSERT INTO value (time, value, sensor_id, parameter_id) VALUES ( '2018-06-03 13:19:28.2466439', 4, 11, 3);
INSERT INTO value (time, value, sensor_id, parameter_id) VALUES ( '2018-06-03 13:19:28.2834829', 62, 12, 1);
INSERT INTO value (time, value, sensor_id, parameter_id) VALUES ( '2018-06-03 13:19:28.3162815', 5, 13, 3);
INSERT INTO value (time, value, sensor_id, parameter_id) VALUES ( '2018-06-03 13:19:28.3490683', 65, 14, 1);
INSERT INTO value (time, value, sensor_id, parameter_id) VALUES ( '2018-06-03 13:19:28.3818756', 4, 15, 3);
INSERT INTO value (time, value, sensor_id, parameter_id) VALUES ( '2018-06-03 13:19:28.4146463', 62, 16, 1);
INSERT INTO value (time, value, sensor_id, parameter_id) VALUES ( '2018-06-03 13:17:03.8129600', 4, 3, 3);
INSERT INTO value (time, value, sensor_id, parameter_id) VALUES ( '2018-06-03 13:18:03.8120000', 5, 3, 3);
INSERT INTO value (time, value, sensor_id, parameter_id) VALUES ( '2018-06-03 13:19:03.8120000', 5, 3, 3);
INSERT INTO value (time, value, sensor_id, parameter_id) VALUES ( '2018-06-03 13:20:03.8120000', 6, 3, 3);
INSERT INTO value (time, value, sensor_id, parameter_id) VALUES ( '2018-06-03 13:21:03.8120000', 6, 3, 3);
INSERT INTO value (time, value, sensor_id, parameter_id) VALUES ( '2018-06-03 13:22:03.8120000', 6, 3, 3);
INSERT INTO value (time, value, sensor_id, parameter_id) VALUES ( '2018-06-03 13:23:03.8120000', 7, 3, 3);
INSERT INTO value (time, value, sensor_id, parameter_id) VALUES ( '2018-06-03 13:24:03.8120000', 8, 3, 3);
INSERT INTO value (time, value, sensor_id, parameter_id) VALUES ( '2018-06-03 13:25:03.8120000', 8, 3, 3);
INSERT INTO value (time, value, sensor_id, parameter_id) VALUES ( '2018-06-03 13:26:03.8120000', 8, 3, 3);
INSERT INTO value (time, value, sensor_id, parameter_id) VALUES ( '2018-06-03 15:17:03.7790000', 80, 2, 1);
INSERT INTO value (time, value, sensor_id, parameter_id) VALUES ( '2018-06-03 13:15:28.3810000', 5, 1, 3);
INSERT INTO value (time, value, sensor_id, parameter_id) VALUES ( '2018-06-03 13:16:28.4146463', 5, 1, 3);
INSERT INTO value (time, value, sensor_id, parameter_id) VALUES ( '2018-06-03 13:17:03.8129600', 6, 1, 3);
INSERT INTO value (time, value, sensor_id, parameter_id) VALUES ( '2018-06-03 13:18:03.8120000', 6, 1, 3);
INSERT INTO value (time, value, sensor_id, parameter_id) VALUES ( '2018-06-03 13:19:03.8120000', 6, 1, 3);
INSERT INTO value (time, value, sensor_id, parameter_id) VALUES ( '2018-06-03 13:20:03.8120000', 7, 1, 3);
INSERT INTO value (time, value, sensor_id, parameter_id) VALUES ( '2018-06-03 13:21:03.8120000', 7, 1, 3);
INSERT INTO value (time, value, sensor_id, parameter_id) VALUES ( '2018-06-03 13:22:03.8120000', 7, 1, 3);
INSERT INTO value (time, value, sensor_id, parameter_id) VALUES ( '2018-06-03 13:23:03.8120000', 8, 1, 3);
INSERT INTO value (time, value, sensor_id, parameter_id) VALUES ( '2018-06-03 13:24:03.8120000', 9, 1, 3);
INSERT INTO value (time, value, sensor_id, parameter_id) VALUES ( '2018-06-03 13:25:03.8120000', 9, 1, 3);
INSERT INTO value (time, value, sensor_id, parameter_id) VALUES ( '2018-06-03 13:45:28.3810000', 9, 1, 3);
INSERT INTO value (time, value, sensor_id, parameter_id) VALUES ( '2018-06-03 14:05:28.4146463', 10, 1, 3);
INSERT INTO value (time, value, sensor_id, parameter_id) VALUES ( '2018-06-03 14:25:03.8129600', 11, 1, 3);
INSERT INTO value (time, value, sensor_id, parameter_id) VALUES ( '2018-06-03 14:45:03.8120000', 11, 1, 3);
INSERT INTO value (time, value, sensor_id, parameter_id) VALUES ( '2018-06-03 15:05:03.8120000', 12, 1, 3);
INSERT INTO value (time, value, sensor_id, parameter_id) VALUES ( '2018-06-03 15:25:03.8120000', 14, 1, 3);
INSERT INTO value (time, value, sensor_id, parameter_id) VALUES ( '2018-06-03 15:45:03.8120000', 14, 1, 3);
INSERT INTO value (time, value, sensor_id, parameter_id) VALUES ( '2018-06-03 16:05:03.8120000', 16, 1, 3);
INSERT INTO value (time, value, sensor_id, parameter_id) VALUES ( '2018-06-03 16:25:03.8120000', 16, 1, 3);
INSERT INTO value (time, value, sensor_id, parameter_id) VALUES ( '2018-06-03 16:45:03.8120000', 17, 1, 3);
INSERT INTO value (time, value, sensor_id, parameter_id) VALUES ( '2018-06-03 17:05:03.8120000', 17, 1, 3);
INSERT INTO value (time, value, sensor_id, parameter_id) VALUES ( '2018-06-03 17:25:28.3810000', 18, 1, 3);
INSERT INTO value (time, value, sensor_id, parameter_id) VALUES ( '2018-06-03 17:45:28.4146463', 18, 1, 3);
INSERT INTO value (time, value, sensor_id, parameter_id) VALUES ( '2018-06-03 18:05:03.8129600', 19, 1, 3);
INSERT INTO value (time, value, sensor_id, parameter_id) VALUES ( '2018-06-03 18:25:03.8120000', 20, 1, 3);
INSERT INTO value (time, value, sensor_id, parameter_id) VALUES ( '2018-06-03 18:45:03.8120000', 21, 1, 3);
INSERT INTO value (time, value, sensor_id, parameter_id) VALUES ( '2018-06-03 19:05:03.8120000', 22, 1, 3);
INSERT INTO value (time, value, sensor_id, parameter_id) VALUES ( '2018-06-03 19:25:03.8120000', 24, 1, 3);
INSERT INTO value (time, value, sensor_id, parameter_id) VALUES ( '2018-06-03 19:45:03.8120000', 27, 1, 3);
INSERT INTO value (time, value, sensor_id, parameter_id) VALUES ( '2018-06-03 20:05:03.8120000', 27, 1, 3);
INSERT INTO value (time, value, sensor_id, parameter_id) VALUES ( '2018-06-03 20:25:03.8120000', 28, 1, 3);
INSERT INTO value (time, value, sensor_id, parameter_id) VALUES ( '2018-06-03 20:45:03.8120000', 28, 1, 3);
INSERT INTO value (time, value, sensor_id, parameter_id) VALUES ( '2018-06-03 21:05:28.3810000', 29, 1, 3);
INSERT INTO value (time, value, sensor_id, parameter_id) VALUES ( '2018-06-03 21:25:28.4146463', 29, 1, 3);
INSERT INTO value (time, value, sensor_id, parameter_id) VALUES ( '2018-06-03 21:45:03.8129600', 29, 1, 3);
INSERT INTO value (time, value, sensor_id, parameter_id) VALUES ( '2018-06-03 22:05:03.8120000', 29, 1, 3);
INSERT INTO value (time, value, sensor_id, parameter_id) VALUES ( '2018-06-03 22:25:03.8120000', 30, 1, 3);
INSERT INTO value (time, value, sensor_id, parameter_id) VALUES ( '2018-06-03 22:45:03.8120000', 30, 1, 3);
INSERT INTO value (time, value, sensor_id, parameter_id) VALUES ( '2018-06-03 23:05:03.8120000', 30, 1, 3);
INSERT INTO value (time, value, sensor_id, parameter_id) VALUES ( '2018-06-04 00:05:03.8120000', 30, 1, 3);
INSERT INTO value (time, value, sensor_id, parameter_id) VALUES ( '2018-06-04 01:05:03.8120000', 30, 1, 3);
INSERT INTO value (time, value, sensor_id, parameter_id) VALUES ( '2018-06-04 02:05:03.8120000', 30, 1, 3);
INSERT INTO value (time, value, sensor_id, parameter_id) VALUES ( '2018-06-04 03:00:03.8120000', 30, 1, 3);
INSERT INTO value (time, value, sensor_id, parameter_id) VALUES ( '2018-06-04 04:05:28.3810000', 30, 1, 3);
INSERT INTO value (time, value, sensor_id, parameter_id) VALUES ( '2018-06-04 05:05:28.4146463', 31, 1, 3);
INSERT INTO value (time, value, sensor_id, parameter_id) VALUES ( '2018-06-04 06:45:03.8129600', 31, 1, 3);
INSERT INTO value (time, value, sensor_id, parameter_id) VALUES ( '2018-06-04 07:05:03.8120000', 31, 1, 3);
INSERT INTO value (time, value, sensor_id, parameter_id) VALUES ( '2018-06-04 08:25:03.8120000', 32, 1, 3);
INSERT INTO value (time, value, sensor_id, parameter_id) VALUES ( '2018-06-04 09:45:03.8120000', 33, 1, 3);
INSERT INTO value (time, value, sensor_id, parameter_id) VALUES ( '2018-06-04 10:05:03.8120000', 35, 1, 3);
INSERT INTO value (time, value, sensor_id, parameter_id) VALUES ( '2018-06-04 11:05:03.8120000', 35, 1, 3);
INSERT INTO value (time, value, sensor_id, parameter_id) VALUES ( '2018-06-04 12:05:03.8120000', 36, 1, 3);
INSERT INTO value (time, value, sensor_id, parameter_id) VALUES ( '2018-06-04 13:05:03.8120000', 36, 1, 3);